client,maintenance_number
716,014754
716,014758
716,014765
716,014777
716,014800
716,014801
716,014804
716,014813
716,014821
716,014826
716,014831
716,014844
716,014902
716,014904
716,014905
716,014926
716,014937
716,014961
716,014976
716,014984
716,015049
716,015052
716,015204
716,015221
716,015244
716,015296
716,015304
716,015356
716,015402
716,015408
716,015468
716,015624
716,015632
716,015640
716,015642
716,015794
716,015803
716,015987
716,016000
716,016002
716,016134
716,017122
716,017128
716,017162
716,017183
716,017600
716,17600
A Table,015057
A Table,015058
A Table,015069
A Table,015166
A Table,015443
A Table,015612
A Table,015903
A Table,015917
A Table,015985
A Table,015986
A Table,015989
AF Collection,014954
AF Collection,014965
AF Collection,015002
AF Collection,015350
AF Collection,015422
AF Collection,015956
AF Collection,016017
AF Collection,017518
AF Collection,017526
AF Collection,17518
AF Collection,17526
AF collection,015210
AF collection,015795
AF collection,016017
AF collection,016099
AFA Centre,017157
ARS,015262
ARThephage,016008
AVS,016092
AVS Aeroport,017537
Affaire A Suivre,015915
Affaire à suivre,015596
Agence Doze,015337
Agence Doze,017613
Agence Doze,17613
Alia Megdiche,015397
Alia Megdiche,015416
Alia Megdiche,015678
Alia Megdiche,015855
Alia Megdiche,017155
Alia Megdiche,017556
Alia Megdiche,17556
Ambiance D'Autrefois,014772
Ambiance D'Autrefois,014879
Ambiance d'Autrefois,017569
Ambiance d'Autrefois,17569
Ambiance d'autre fois,015711
Ambiance d'autrefois,015764
Ambiance d'autrefois,015952
Ami Voyage,015439
Angelo,015236
Angelo,015293
Apia Megdich,015962
Arco Cerame,015668
Arco Cerame,017555
Arco Cerame,17555
Arena Gym,014810
Arena Gym,014909
Arena Gym,015051
Arena Gym,015341
Arena Gym,015576
Arena Gym,015644
Arena Gym,015899
Arena Gym,015925
Arena Gym,015928
Arena Gym,016024
Arena Gym,017138
Arena Gym,017510
Arena Gym,17510
Arena gym,015263
Armani Mall,014914
Armani Mall,014982
Armani Mall,015054
Armani Mall,015299
Armani Mall,015406
Armatis,015500
Armatis,017178
Armatis,017179
Armatis,017194
Armatis,017571
Armatis,017572
Armatis,17584
Arthephage,015165
Arthephage,015877
Arthephage,017231
Artige,015173
Artige,015213
Artige,015297
Artige,015730
Artige,015937
Artige,017133
Assurance STAR,017649
Assurance STAR,17649
Asteel Flash,014884
Asteel Flash,014928
Asteel Flash,014943
Asteel Flash,015218
Asteel Flash,015627
Asteel Flash,015966
Asteel Flash,017507
Asteel Flash,017536
Asteel Flash,017579
Asteel Flash,17507
Asteel Flash,17536
Asteel flash,015197
Audi,015819
Avocat,015739
Azalée,017202
Azalée,017211
Azalée,017652
Azalée,017688
Azalée,17652
Azalée,17688
BEBABEL,015672
BEPPI,015335
BFI Siege1,017528
BFI Siege1,17528
BFI Siege2,016030
BFI Siege2,016040
Barista's,014824
Barista's,015152
Barista's,015189
Barista's,015220
Barista's,015234
Barista's,015238
Barista's,015289
Barista's,015323
Barista's,015330
Barista's,015357
Barista's,015359
Barista's,015389
Barista's,015423
Barista's,015425
Barista's,015441
Barista's,015563
Barista's,015577
Barista's,015711
Barista's,015777
Barista's,015811
Barista's,015862
Barista's,015893
Barista's,015902
Barista's,015921
Barista's,015926
Barista's,015981
Barista's,016033
Barista's,016083
Barista's,016110
Barista's,016130
Barista's,017159
Barista's,017163
Barista's,017170
Barista's,017205
Barista's,017648
Barista's,017664
Barista's,17648
Barista's,17664
Baristas,015788
Baya Deco,015062
Baya Deco,015192
Be Babel,017520
Be Babel,17520
BeBabel,015731
Beauty Shop,017218
Beauty Shop,017245
Beauty Shop,017683
Beauty Shop,17683
Beppi,015914
Bernardo,014773
Bernardo,014774
Bernardo,015924
Bolzano,015250
Bonne affaire,015964
Boudrant Admin,015225
Boudrant admin,015334
Boudrant admin,015346
Boulbaba,015348
Boumiza Prod,017675
Boumiza Prod,17675
Boumiza Square,015017
Boumiza Square,015185
Boumiza Square,015288
Boumiza Square,015685
Boumiza Square,015907
Boumiza Square,015955
Boumiza Square,017678
Boumiza Square,017692
Boumiza Square,17678
Boumiza Square,17692
Boutique 123,017690
Boutique 123,17690
Boutique Beppi,015937
Boutique ETIKETTE,014769
Boutique Enzo Mila,015938
Boutique Enzo Mila,015948
Boutique Enzo Mila,015992
Boutique Gift Asia,015983
Boutique LARA,015896
Boutique LARA,016031
Boutique LARA,017695
Boutique LARA,17695
Boutique La joie,015227
Boutique La joie,015232
Boutique La joie,015233
Brain Corner,015369
Brain Corner,016043
Bureau d'Architecte,015837
Business Hotel,014896
Business Hotel,014940
Business Hotel,015564
Business Hotel,015852
Business Hotel,015909
Business Hotel,016022
Business Hotel,016109
Business Hotel,017524
Business Hotel,17524
Business hotel,015230
Business hotel,015879
Buy Luxe,014971
Buy Luxe,015360
CDC,015388
Cabinet Avocat Bilel Touzri,016042
Cabinet Dr Ellouze,014964
Cabinet Dr Ellouze,015169
Cabinet Dr Fodha,017181
Cabinet Dr Haifa Chebbi,017625
Cabinet Dr Haifa Chebbi,17625
Cabinet Dr Louati,17607
Cabinet Dr Louati,17644
Cabinet Dr Mariem Ben Amor,17544
Cabinet Dr Slim Kassar,017197
Cabinet Dr. Fares,015960
Cabinet Dr. Haifa Chebbi,015188
Cabinet Dr. Louati,015973
Cabinet Dr. Louati,017607
Cabinet Dr. Louati,017644
Cafe Bey,015871
Café 716,015976
Café Bisou,016049
Café Le Parisien,016048
Café Numa,015904
Café Numa,015967
Café Numa,017188
Café Numa,017196
Café Numa (FDL),015917
Café Sophia,015977
Café Sophia,017580
Café Sophia,17580
Café Yuka,015933
Calé bey,015824
Camomile,015417
Camomile,015421
Camomile,015445
Camomile,015865
Camomile,015873
Camomile,017696
Camomile,17696
Camomille,015783
Camomille,016100
Camomille,016114
Carlton,015809
Carlton,015828
Carlton,015998
Carre Douceur,017623
Carre Douceur,17623
Carré Douceur,015333
Casa Store,017525
Casa Store,017567
Casa Store,017641
Casa Store,17525
Casa Store,17567
Central Tunisie,015787
Central Tunisie,016084
Centrale,015826
Centrale Tunisie,015331
Centrale Tunisie,015575
Centrale Tunisie,015918
Centre ARRAJA,015669
Centre Boulbar,016045
Centre Emma Fakhfakh,016090
Centre Livraison VW,014999
Centre Mahassen,015674
Centre Maram,015231
Centre Maram,017516
Centre Maram,017694
Centre Maram,17516
Centre Maram,17694
Centre Wahiba,015379
Century 21,015265
Century 21,015329
Century 21,015336
Century 21,015350
Century 21,015386
Century 21,015579
Century 21,015701
Century 21,015728
Century 21,015799
Century 21,015894
Century 21,016036
Ceram,014794
Ceram,015160
Ceram,015367
Ceram,015460
Ceram,015598
Ceram,015601
Ceram,015653
Ceram,016004
Ceram Garden,015792
Ceram Home,014793
Ceram Home,014985
Ceram Home,015013
Ceram Home,015018
Ceram Home,015241
Ceram Square,015242
Ceram Square,015376
Ceram Square,015662
Ceram Square,015793
Ceram Square,016096
Ceram garden,015375
Ceram garden,015661
Ceram garden,016095
Ceru,015818
Ceru,015829
CiPalin,015688
CiPalin,016009
Cipolin,015670
Cipolin,017549
Cipolin,17549
Cipolin,17608
City Desk,014929
City Desk,015268
City Desk,015854
City Desk,015970
City Desk,016026
City Desk,017671
City Desk,17671
City Loft,015008
City Loft,015010
City Loft,015269
City Loft,017672
City Loft,017689
City Loft,17672
City Loft,17689
Clevory,014814
Clevory,015383
Clevory,015452
Clevory,015881
Clevory,015925
Clevory,016997
Clevory,017542
Clevory,017606
Clevory,17542
Clevory,17606
Clinique Alyssa,014820
Clinique Alyssa,015026
Clinique Alyssa,015264
Clinique Alyssa,015657
Clinique Alyssa,015919
Clinique Alyssa,015930
Clinique Alyssa,017230
Clinique Dial,017124
Clinique Elyssa,015728
Clinique Ibn Kholdoun,015908
Clinique Ibn Kholdoun,015909
Clinique Ibn Kholdoun,017171
Clinique Ibn Kholdoun,017172
Clinique Jasmin,015774
Clinique Jasmin,015942
Clinique Kaynos,015930
Clinique Kaynos,015944
Clinique Kaynos,017141
Clinique Kaynos,017619
Clinique Kaynos,17619
Clisli,015794
Club NA,014761
Club NA,014807
Club NA,015215
Club NA,015784
Club NA,015834
Club NA,015874
Club NA,015876
Club NA,017504
Club NA,17504
Coin Beaute & SPA,015415
Comptoir Hammemi,015301
Conedre,015804
Convergen,015669
Convergen Agency,015311
Convergen Agency,015951
Corail,014968
Corail,015266
Corail,015658
Corail,015805
Corail,015936
Corail,016131
Cupra,014755
Cupra,014996
Cupra,016019
Cupra,017234
DR Hamdi,015793
DR Salem,015243
DR Salem,015255
Da Pietro,015202
Da Pietro,015390
Da Pietro,015427
Da Pietro,015932
Da Pietro,017166
Da Pietro,017564
Dar Said,014923
Dar Said,015214
Dar Said,015343
Dar Said,015401
Dar Said,017673
Dar Said,17673
Dar Saied,015651
Dar Saied,015778
Dar Saied,015984
Dar Zarrouk,014786
Dar Zarrouk,014816
Dar Zarrouk,015025
Dar Zarrouk,015306
Dar Zarrouk,015554
Dar Zarrouk,015600
Dar Zarrouk,015983
Dar Zarrouk,017136
Dar Zarrouk,017214
Darcom,015990
Darty,015855
Darty,015954
Darty,017232
Darty,017535
Darty,17535
Delice Danone,017650
Delice Danone,17650
Diamelle,015372
Diamelle,015779
Diar Andalous,015663
Diar Andalous,015951
Diar Andalous,016081
Diar Andalous,016127
Diar L'andalous,015703
Died Acouj,016088
Diesel Mall,014913
Diesel Mall,014981
Diesel Mall,015298
Diesel Mall,015405
Districars,015659
Distry Cars,017693
Distry Cars,17693
Docteur Salsabil,015957
Dorra Architecte,015012
Dorra Architecte,015339
Dr Adel Soukni,014762
Dr Adel Soukni,014787
Dr Adel Soukni,014846
Dr Adel Soukni,015342
Dr Adel Soukni,015442
Dr Fares,014970
Dr Fodha,014783
Dr Fodha,014795
Dr Fodha,015020
Dr Hamdi Golf,014848
Dr Lobna Khaldi,014951
Dr Marwa Ben Amor,017206
Dr Marwa Ben Amor,017544
Dr Molka Sallemi,014782
Dr Molka Sallemi,015162
Dr Molka Sallemi,015455
Dr Noumeiri Abdelsalem,015943
Dr Noumeiri Abdessalem,015940
Dr Omar Maghroum,015854
Dr Skander Ben Gueder,015904
Dr Skander Ben Gueder,017560
Dr Skander Ben Gueder,017637
Dr Skander Ben Gueder,17560
Dr Skander Ben Gueder,17637
Dr Slim Kassar,015068
Dr Slim Kassar,015453
Dr Soussi,014771
Edward's,014815
Edward's,014962
Edward's,014995
Edward's,015172
Edward's,015196
Edward's,015412
Edward's,015413
Edward's,015572
Edward's,015631
Edward's,015646
Edward's,015676
Edward's,015677
Edward's,015813
Edward's,015832
Edward's,017193
Edwards,015781
El Mnara,014934
El Mnara,014983
El Mnara,015500
Ella Jewerly,017651
Ella Jewerly,17651
Energy Car,015009
Energy Car,015461
Energy Car,017624
Energy Car,17624
Enzo,014776
Enzo,014791
Enzo,015237
Enzo,015697
Enzo,015888
Enzo,015916
Enzo,017236
Epsilon,015300
Equipement Concept,014798
Equipement Concept,015437
Equipement Concept,015708
Equipement Concept,015800
Equipement Concept,015884
Equipement Concept,017129
Equipement concept,016112
Equipement concept,016122
FDL,016046
FDL,016120
FakhFakh,016118
Fakhfakh,016107
Fial,015867
Finopti,015814
Finopti,016065
Finopti TN,015571
Finopti TN,015931
Finopti TN,017142
Finopti TN,017568
Floralie,015734
Floralie,015997
Floralie,016001
Floralies,014840
Floralies,014990
Floralies,015200
Floralies,015219
Floralies,015283
Floralies,015361
Floralies,017546
Floralies,017658
Floralies,17546
Floralies,17658
Fnac,015916
Fnac,015955
Fnac,017233
Fnac,017534
Fnac,17534
Focus,015454
Focus,015810
Forest,015155
Forest,015313
Forest,015718
Forest,015999
Frikha Concept (Edward's),015456
Future Generation,014989
Future Generation,015063
Future Generation,015980
Future Generation,016016
Future Generation,017627
Future Génération,015349
Future génération,015570
GAT,015272
Galata,014818
Galata,016003
Game Production,014836
Game Production,015028
Game Production,015324
Game Production,015419
Game Production,015648
Game Production,016129
Geliamo,015673
Geliamo,015964
Geliamo,015975
Geliamo,016124
Geliamo,017127
Geliamo,017199
Geliamo,017646
Geliamo,017654
Geliamo,17646
Geliamo,17654
Geox,014764
Geox,014838
Geox,015240
Geox,015248
Geox,015409
Geox,015674
Geox,015680
Geox,015686
Geox,015897
Geox,015984
Geox,016020
Gerard Darel,015827
Gerard Darel,015974
Gerard Darel,017522
Gerard Darel,017529
Gerard Darel,17522
Gerard Darel,17529
Gerard darel,015396
Global Studies,014835
Global Studies,015056
Global Studies,015061
Global Studies,015373
Glow Co,017244
Glow Co,017515
Glow Co,17515
Glow SPA,015898
Glow Spa,015218
Glow Spa,015584
Glow Spa,017187
Glow Spa,017195
Golf,015965
Golf,016033
Groupe Mokni,014925
Groupe Mokni,015180
Groupe Mokni,015395
HG YKONE,015211
HG Ykone,014790
HG Ykone,014967
HG Ykone,015569
HG Ykone,015611
HG Ykone,016021
Hall cf sousse,015661
Halo Clinique,014919
Hamdi Workshop,014833
Hamdi Workshop,015831
Hamdi Workshop,015926
Hamdi workshop,015574
Heni,014759
Heni,015167
Heni,015178
Heni,015182
Heni,015363
Heni,015365
Heni,015374
Heni,015391
Heni,015400
Heni,015665
Heni,015670
Heni,015671
Heni,015673
Heni,015679
Heni,015801
Heni,015853
Heni,015857
Heni,015880
Heni,015885
Heni,015886
Hertz,015752
Hertz,015863
Hotel Carlton,016047
Hotel Carlton,017533
Hotel Carlton,017612
Hotel Carlton,017633
Hotel Carlton,17612
Hotel Carlton,17633
Hotel Concorde,015332
Hotel Concorde,015969
Hotel Concorde,015982
Hotel Concorde,016039
Hotel Concorde,016996
Hotel Concorde,017616
Hotel Concorde,017638
Hotel Concorde,17616
Hotel Concorde,17638
Hotel Corail,015929
Hotel Corail,017169
Hotel Corail,017229
Hotel Corail,017589
Hotel Corail,017620
Hotel Corail,017629
Hotel Corail,17589
Hotel Corail,17620
Hotel Corail,17629
Hotel Dar El Marsa,17550
Hotel Dar Marsa,015902
Hotel Dar Marsa,015914
Hotel Dar Marsa,017153
Hotel Dar Marsa,017550
Hotel Dar Said,017240
Hotel Diar El Andalous,015378
Hotel Diar El Andalous,015911
Hotel Diar El Andalous,015939
Hotel Diar El Andalous,017575
Hotel Eolia,015344
Hotel Kantaoui,015910
Hotel Kantaoui,015949
Hotel Kuriat,017125
Hotel Laico,015278
Hotel Laico,017134
Hotel Laico,017182
Hotel Laico,017570
Hotel Laico,017583
Hotel Laico,17583
Hotel Majestic,015978
Hotel Majestic,016989
Hotel Majestic,017158
Hotel Majestic,017168
Hotel Majestic,017565
Hotel Manera,015223
Hotel Manera,016029
Hotel Manera,017519
Hotel Manera,017586
Hotel Manera,017680
Hotel Manera,17519
Hotel Manera,17586
Hotel Manera,17680
Hygiene 716 Lac2,017614
Hygiene 716 Lac2,17614
ID & Partners,017647
ID & Partners,17647
ID Partenaire,015738
IT Dev,015797
ITDev,015403
ITDev,017640
Imen ABBES,015618
Indigo,015628
Indigo,015859
Indigo,017216
Innov 8,015696
Innov 8,016005
Innov8,015060
Innov8,015348
Innov8,017574
Innova Power,015859
Intertechnique,015887
JC,014775
JC,015198
JC,015205
JC,015235
JC,015430
JC,015438
JC,015462
JC,015848
JC,015906
JC,015910
JC,015918
JC,015927
JC,016025
JC,017243
JL INVEST,015845
JL Invest,015277
JL Invest,015889
JL Invest,015970
JL Invest,015981
JL Invest,017119
JL Invest,017590
JL Invest,17590
Jazz Tour Khalaf,015380
Jazz Tour Khalaf,017561
Jazz Tour Khalaf,17561
Jouaillerie Fakhfakh,015371
Jouaillerie Fakhfakh,017684
Jouaillerie Fakhfakh,17684
KORT,016012
Kantaoui Bey,015181
Kantaoui Bey,015377
Kantaoui Bey,015585
Kantaoui Bey,015623
Kantaoui Bey,015665
Kantaoui Bey,015683
Kantaoui Bey,015714
Kantaoui Bey,017167
Kantaoui Bey,017557
Kantaoui Bey,017576
Kantaoui Bey,17557
Kert,016010
Khaled Lagha,014767
Kort,015715
Kort,016012
Kot,015387
Kube,014916
Kube,015214
Kuriat Palace,015960
Kuriat Palace,016128
L GOLF,016087
LV Prod,014827
LV Prod,015822
La Joie,016013
La Jolie,015743
La Rose blanche,015184
La centrale Tunisie,017180
La centrale Tunisie,017596
La centrale Tunisie,17596
La joie,016013
La joie,016014
La joie,016015
Labo Abid,015856
Labo Abir Belkhchine,017219
Labo Farah,014832
Labo Farah,014891
Labo Farah,014892
Labo Farah,015201
Labo Farah,015933
Labo Farah,015939
Labo Farah,016046
Labo Mejri,017514
Labo Mejri,17514
Labo Melki,015174
Labo Melki,015559
Labo Melki,015791
Labo Melki,016066
Labo Melki,017173
Labo Skouri,015177
Laico,014809
Laico,014837
Laico,015000
Lajmi,015699
Lajmi,015972
Lake Tower,014819
Lake Tower,015325
Lake Tower,015638
Lake Tower,015952
Lake Tower,015958
Lake Tower,017140
Le Golf,014760
Le Golf,014806
Le Golf,015349
Le Golf,015398
Le Golfe,015651
Le Golfe,017503
Le Golfe,17503
Le Monde est Petit,015256
Le Monde est Petit,015426
Le Monde est Petit,015892
Le Monde est Petit,017204
Le Sportif,014991
Le Sportif,015003
Le Sportif,015891
Le Sportif,017655
Le Sportif,17655
Le monde est petit,015847
Le sportif,015239
Le sportif,015923
Le sportif,015927
Lefties,017527
Lefties,17527
Ligne Roset,015338
Ligne Roset,016106
Ligne roset,015011
Little Asia,014788
Little Asia,015258
Little Asia,015307
Little Asia,015562
Little Asia,015671
Little Asia,015967
Little Asia,017512
Little Asia,17512
Lord,014994
Lord,015629
Lord,015799
Lord,016121
Lord,017226
Love Yourself,015851
Love Yourself,015953
Love Yourself,015961
Love Yourself,017137
Love Yourself,017630
Love Yourself,17630
Luxury Projects,015988
Lérable,015862
MACA,015729
Ma cuisine,015328
Ma cuisine,015860
Ma cuisine,015890
Ma cuisine,015922
Machemi 5 étoile,016024
Machemi 5 étoile,016025
Machewi 5 Etoiles,014922
Machewi 5 Etoiles,015399
Machewi 5 Etoiles,017152
Machewi 5 étoiles,015708
Magro,015883
Magro,017685
Magro,17685
Maison,015995
Maison Arous,014957
Maison Audi,015193
Maison Audi,015308
Maison Audi,015429
Maison Jasser,015560
Maison Karim,015945
Maison Mariem,017123
Maison Mme Baabaa,017222
Maison Mme Dridi,014880
Maison Mme Dridi,015055
Maison Mme Dridi,015340
Maison Mme Dridi,015675
Maison Mme Dridi,015905
Maison Mme Dridi,017679
Maison Mme Dridi,17679
Maison Mme Guermazi,017223
Maison Mme Hanen,017635
Maison Mme Mhiri,017228
Maison Mme Riahi,017215
Maison Mr Ansi Cipalin,017156
Maison Mr Ansi Cipalin,017608
Maison Mr Ansi Cipalin,017639
Maison Mr Ansi Cipalin,17639
Maison Mr Zied,017506
Maison Mr Zied,17506
Maison Nasser,015202
Maison Porshe,014921
Maison Porshe,015424
Maison d'hote Neyra,017176
Maison d'hote Neyra,017547
Maison d'hote Neyra,17547
Maitre Bilel Tazeni,015216
Maitre Bilel Tazni,015721
Maitre Yassin younsi,015217
Make up For Ever,016026
Make up for ever,015358
Make up for ever,016026
Mall of Sousse,014841
Mall of Sousse,014842
Mall of Sousse,015014
Mall of Sousse,015015
Mall of Sousse,015284
Mall of Sousse,015285
Mall of Sousse,015621
Mall of Sousse,015681
Mall of Sousse,015682
Mall of Sousse,015717
Mall of Sousse,017674
Mall of Sousse,17674
Mall of sousse,015662
Manar City,015872
Manar City,015913
Manar City,015932
Manar City,017242
Marck Olivier,014778
Marck Olivier,014992
Marck Olivier,015161
Marck Olivier,015634
Mariotte,017686
Mariotte,17686
Mascotte,017531
Mascotte,017687
Mascotte,17531
Mascotte,17687
Med Chakroun,014906
Med Chakroun,017676
Med Chakroun,17676
Meuble Fekih,014897
Meuble Karray,014912
Meuble Karray,015352
Meuble Karray,015561
Meuble Karray,015613
Meuble Karray,015643
Meubles Frikha,014920
Mila,015915
Mme Ben Ammar,015815
Mme Dridi,016063
Mme Faiza,016062
Mme Jemmeli,017653
Mme Jemmeli,17653
Mme Kmar,015273
Mme Leveque,015905
Mme Nabli,015347
Mme Nabli,015583
Mme Neila,015199
Mme Neila,015393
Mme Neila,015578
Mme ben yedder,015720
Mokni,015790
Mokni,015821
Mon Coin,014822
Mon Coin,017221
Mon coin,015187
Mon coin,015973
Mosquee Socubat,015354
Mosquee Socubat,015362
Mosquee Socubat,017667
Mosquee Socubat,17667
Mouradi Palace,015622
Moustache,015194
Moustache,015463
Moustache,015830
Moustache,015860
Moustache,016032
Moustache,017562
Moustache,017636
Moustache,17562
Moustache,17636
Movenpick,014780
Movenpick,014781
Movenpick,015312
Movenpick,015700
Movenpick,015977
Movenpick,016027
Movenpick,017505
Movenpick,17505
Multi Form,015281
Naism Jasser,015736
Nasria,015963
Nattugi,015246
Noreesto Technique,015772
Nova Tel,015786
Novotel,014997
Novotel,015385
Novotel,015727
Novotel,015957
Novotel,016086
OACA,015635
OACA,015895
OACA,017634
Obioskin,015024
Obioskin,015295
Obioskin,015625
Obioskin,015652
Obioskin,016079
Obioskin,017212
Obioskin,017508
Obioskin,17508
Oishi,015316
Oishi,015326
Oishi,015633
Oishi,015789
Oishi,016034
Oishi,016044
Oishi,017599
Oishi,017642
Oishi,17599
Ola Energy,014757
Ooredoo,014789
Ooredoo,014931
Ooredoo,014973
Ooredoo,015614
Ooredoo,015921
Ooredoo,015979
Ooredoo,015991
Ooredoo,015993
Ooredoo,015994
Ooredoo,015995
Ooredoo,015998
Ooredoo,017161
Ooredoo,017681
Ooredoo,017682
Ooredoo,17681
Ooredoo,17682
Ooredoo DSC,014945
Ooredoo DSC,015029
Optivision,015066
Oriflame,014803
Oriflame,014932
Oriflame,016041
Oriflame,016050
Oriflame,017603
Oriflame,17603
Origin Elle,017541
Origin Elle,17541
Orna Farho,015170
Orna Farho,017530
Orna Farho,17530
Oxford Librairie,017540
Oxford Librairie,17540
Padel,014828
Padel,015353
Padel,015431
Padel,015599
Padel,015650
Padel,015978
Padel,017160
Padel,017184
Padel,017563
Padel Connection,014799
Palma,014930
Palma,014944
Palma,015007
Palma,015186
Palma,015211
Palma,015315
Palma,016018
Paly lighting,015969
Para Pharmacie Geriga,015912
Parapharmacie La Grande,017677
Parapharmacie La Grande,17677
Paris Tunis Dress,17618
Paris-Tunis,017126
Paris-Tunis,017618
Pelylighting,015701
Pezzoli,015251
Pharmacie Abbes,015773
Pharmacie Abid,015222
Pharmacie Abid,015224
Pharmacie Abid,015806
Pharmacie Emna ABBES,015253
Pharmacie Guiga,015911
Pharmacie Jihen Ghedas,015410
Pharmacie Mariem Khemiri,015722
Pharmacie Naffousi,015966
Pharmacie Neffousi,014847
Pharmacie Neffousi,015164
Pharmacie Neffousi,015228
Pharmacie Neffousi,015444
Pharmacie Neffousi,015965
Pharmacie Neffousi,017513
Pharmacie Neffousi,17513
Pharmacie Sadri,015191
Pharmacie Sadri,015448
Pharmacie Sadri,015474
Pharmacie Sadri,015785
Pharmacie Sadri,015825
Pharmacie Sadri,015861
Pharmacie Sadri,015959
Pharmacie Sadri,016085
Pharmacie Sadri,017131
Pharmacie Sadri,017551
Pharmacie Sadri,17551
Pharmacie Shabo,015467
Pharmacie Tabka,016986
Pharmacie Victoria,014805
Pharmacie Victoria,014899
Pharmacie Victoria,014946
Pharmacie Victoria,014952
Pharmacie Victoria,015212
Pharmacie Victoria,015384
Pharmacie Victoria,015470
Pharmacie Victoria,015500
Pharmacie Victoria,015938
Pharmacie de Nuit Maher Guiga,015440
Pharmacie de Nuit Maher Guiga,015923
Pharmacie de Nuit Maher Guiga,015924
Plac'Art,014887
Plac'Art,015327
Plac'Art,015875
Plac'Art,015968
Plac'Art,017117
Plaza,015245
Plaza,015260
Poliform,015059
Poliform,015065
Poliform,015249
Poliform,015310
Poliform,017626
Poliform,17626
Poltown,015226
Poly Lighting,015276
Poly Lighting,015906
Poly Lighting,016998
Polyclinique Les Jasmins,014812
Polyclinique Les Jasmins,014936
Polyclinique Les Jasmins,015207
Polyclinique Les Jasmins,015436
Polyclinique Les Jasmins,015655
Polyforme,015652
Polyforme,015742
Porche,015820
Porsche,015712
Power Space,017517
Power Space,17517
Queen,015275
Queen,017220
RIPS,015733
Radisson Blu,014792
Radisson Blu,015368
Radisson Blu,015656
Radisson Blu,015658
Radisson Blu,015853
Radisson Blu,015931
Radisson blu,015156
Radisson blu,015175
Radisson blu,015217
Radisson blu,015252
Radisson blu,015279
Radisson blu,016023
Radisson blu,016098
Radisson blu,016116
Rantoui Bey,016126
Rantouni Bey,016082
Red Castel,015934
Red Castle,015305
Red Castle,015602
Red Castle,017189
Red Castle,017201
Red Castle,017207
Red Castle,017582
Renault,014752
Renault,015159
Renault,015451
Renault,015558
Renault,015769
Renault,015870
Renault,016089
Renault Trucks,014883
Renault Trucks,015996
Renault Trucks,017605
Renault Trucks,17605
Residence Diamant,015007
Residence Diamant,017521
Residence Diamant,17521
Residence Khadija,015021
Residence Khadija,015580
Residence Khadija,015641
Residence Khadija,016091
Restaurant BalBel,015302
Restaurant Erable,015567
Restaurant Erable,015594
Restaurant Erable,016020
Restaurant Erable,017543
Restaurant Erable,17543
Restaurant Golf,015975
Restaurant Le Golfe,015950
Restaurant Sectel,016037
Restaurant l'érable,015215
Restaurent Gourmet,017511
Restaurent Gourmet,017585
Restaurent Gourmet,17511
Restaurent Gourmet,17585
Retaurant Safran,015928
Retaurant Safran,017523
Retaurant Safran,017595
Retaurant Safran,17523
Retaurant Safran,17595
Ridetti,016028
Ridotti,015355
Ridotti,017615
Ridotti,17615
Rids,015171
Rids,015571
Rids,015672
Rids,015962
Rids,016035
Rids,016093
Rids,016137
Roche Bobois,015370
Rochebabois,015749
Rooh El Medina,015290
Royals Electroniques,017532
Royals Electroniques,17532
Ryme,015382
Ryme Attia,015725
S Tran,015780
S.I.S.E.S,015209
S.I.S.E.S,015963
S.T.A.T TABL'ESPACE,015982
S.T.A.T Table Espace,015982
SACNAS TRADING Mon Coin,015692
SCPC,015432
SSTC,015606
STMI,015179
STMI,015314
STMI,015666
STMI,015858
STMI,015989
STMI,016006
STS,015971
Saveurs de Carthage,014808
Saveurs de Carthage,015001
Saveurs de Carthage,015737
Saveurs de Carthage,015846
Saveurs de Carthage,015869
Saveurs de Carthage,017601
Saveurs de Carthage,17601
Saveurs de carthage,015195
Saveurs de carthage,015986
Seashell,015996
Seat,014938
Seat,015878
Seraf,016080
Siceram,015900
Siceram,015941
Siceram,017554
Siceram,17554
Siceram Plus,015861
Sicream,015675
Sicream,015900
Skander Ellouz,015816
Sky Bar,015716
Sky Bar,015976
Sky Bar,016028
Skybar,017213
Slim Kassar,015842
Slim Optic,014770
Slim Optic,014918
Slim Optic,015027
Slim Optic,015208
Slim Optic,015718
Slim Optic,015808
Slim Optic,017154
Slim Optic,017209
Slim optic,015229
SoDeco,015856
Societe Sophia Best,016999
Sodeco,017558
Sodeco,017610
Sodeco,017622
Sodeco,17558
Sodeco,17610
Sodeco,17622
Sogeplan,014881
Soquibat,015176
Soquibat,015615
Soquibat,015690
Soquibat,015844
Soquibat,016987
Soquibat,017190
Soquibat,017566
Soquibat,17566
Soquibat Group,015943
Spectra,014763
Spectra,014917
Spectra,014933
Spectra,015309
Spectra,015336
Spectra,015735
Spectra,015929
Spectra,015987
Spectra,017121
Spectra,017502
Spectra,017602
Spectra,17502
Spectra,17602
Ste Ceram Garden,016994
Strass,014766
Strass,014907
Strass,015023
Strass,015168
Strass,015208
Strass,015294
Strass,017643
Strass,17643
Sunset,016117
Sunset Padel,015636
Sunset Padel,015920
Synagogue,015254
TCA,014834
Table Espace,015259
Table Espace,015667
Table Espace,015726
Table Espace,015843
Table Espace,015912
Table Espace,015988
Table Espace,016011
Table Espace,017191
Table Espace,017200
Table Espace,017604
Table espace,015868
Table espace,17604
Talgata,015985
Tavolino,017192
Tavolino,017198
Tavolino,017539
Tavolino,017631
Tavolino,17539
Tavolino,17631
Terrazzino,014987
Terrazzino,015190
Terrazzino,015849
The Blue,014924
The Blue,015457
The Blue,015466
The Blue,017210
The City,015684
The Corner,015866
The blue,015183
The blue,015394
The blue,015702
The blue,015823
The city,015286
The city,015666
The game Production,015800
Tiffany,015206
Tiffany,015990
Timsoft Group,017118
Timsoft Group,017632
Timsoft Group,17632
Tony Nasr,014829
Tony Nasr,014988
Tony Nasr,015019
Tony Nasr,015203
Tony Nasr,015257
Tony Nasr,015261
Tony Nasr,015392
Tony Nasr,015428
Tony Nasr,015946
Tony Nasr,016038
Tony Nasr,017139
Tony Nasr,017509
Tony Nasr,017609
Tony Nasr,017621
Tony Nasr,17509
Tony Nasr,17609
Tony Nasr,17621
Tony Nass,015714
Tony Nass,016021
Toyota,015994
Tuniscount,014768
Tuniscount,014785
Tuniscount,014963
Tuniscount,015004
Tuniscount,015748
Tuniscount,015864
Tuniscount,016035
Tuniscount,017116
Turquoise,015280
Turquoise,015654
Turquoise,015908
Turquoise,017183
Turquoise,017573
Turquoise,17573
Um 2 Tacin,015961
VIP Zona,015472
VIP Zona,017241
VIP Zona,017761
VW SAV,015771
Vero Food,015972
Villa DiDon,016119
Villa Didon,014911
Villa Didon,015022
Villa Didon,015267
Villa Didon,015274
Villa Didon,015659
Villa Didon,015706
Villa Didon,015725
Villa Didon,015919
Villa Didon,017203
Villa Didon,017224
Villa Didon,017578
Villa Didon,17578
Villa Hotel,017553
Villa Misk,014935
Villa Misk,015645
Villa Misk,016034
Villa Misk,017175
Villa Misk,017548
Villa Misk,17548
Violette,014903
Violette,015639
Vision Store,015270
Vision Store,015322
Vision Store,015934
Vision Store,015991
Vision Store,016023
Vision Store,017538
Vision Store,17538
Vision store,015573
Volkswagen SAV,014753
Volkswagen SAV,017217
Volkswagen SAV,017592
Volkswagen SAV,17592
Wael Optique,015851
XYZ,015802
YCR Studio,014986
Ykone,015206
Zahia,014825
Zahia,014978
Zahia,017238
Zaia,014998
Zaia,015282
Zaia,015292
Zaia,015693
Zaia,015992
Zaia,016113
Zinia,015291
Zinia,015935
Zinnia,016125
Zinnia,017577
Zinnia,017593
Zinnia,17593
Zitouna Bank,014779
Zitouna Takaful,014908
café LAZ,016044
café kbaiel?,015903
café le Parisien,016038
centrale Tunisie,015726
centre Boulbaba,016032
centre Maliba,015953
centre Maram,016037
centre Masam,016022
club NA,016094
fl invest,015732
il invest,015689
l'etable,015713
la Rose blanche,015705
la Turquoise,016091
la Turquoise,016115
la joie,016014
la joie,016015
le sportif,016123
ooredoo dsc,015668
sky Bar,015976
ykone,015798
